<?xml version="1.0" encoding="UTF-8"?>
<project xmlns="http://maven.apache.org/POM/4.0.0" xmlns:xsi="http://www.w3.org/2001/XMLSchema-instance" xsi:schemaLocation="http://maven.apache.org/POM/4.0.0 http://maven.apache.org/maven-v4_0_0.xsd">
  <modelVersion>4.0.0</modelVersion>

  <groupId>org.sonarqube.examples</groupId>
  <artifactId>ci-workaround</artifactId>
  <version>0.1-SNAPSHOT</version>

  <name>CI Workaround</name>
  <description>Temporary patch to have CI working fine with Orchestrator 3.7</description>

  <properties>
    <project.build.sourceEncoding>UTF-8</project.build.sourceEncoding>
  </properties>

  <dependencies>
    <dependency>
      <groupId>org.sonarsource.flex</groupId>
      <artifactId>sonar-flex-plugin</artifactId>
      <version>2.2.1</version>
    </dependency>
    <dependency>
        <groupId>org.sonarsource.php</groupId>
        <artifactId>sonar-php-plugin</artifactId>
        <version>2.7</version>
    </dependency>
    <dependency>
        <groupId>org.sonarsource.javascript</groupId>
        <artifactId>sonar-javascript-plugin</artifactId>
        <version>2.8</version>
    </dependency>
  </dependencies>

</project>
